metric,seed_0,seed_1,seed_2,seed_3,seed_4,mean,std,min,max,n,std_definition
isaac_full_pop_static_ge_f1,0.898785,0.898785,0.898785,0.898785,0.898785,0.898785,0.0,0.898785,0.898785,5,sample standard deviation (numpy ddof=1) across the 5 seeds
isaac_transition_current_static_ge_f1,0.890688,0.890688,0.890688,0.890688,0.890688,0.8906880000000001,1.2412670766236366e-16,0.890688,0.890688,5,sample standard deviation (numpy ddof=1) across the 5 seeds
isaac_sc_full_pop_static_ge_f1,0.91498,0.91498,0.91498,0.91498,0.91498,0.9149800000000001,1.2412670766236366e-16,0.91498,0.91498,5,sample standard deviation (numpy ddof=1) across the 5 seeds
isaac_indep_static_ge_f1,0.858228,0.860377,0.845488,0.840438,0.841463,0.8491987999999999,0.009445142439370606,0.840438,0.860377,5,sample standard deviation (numpy ddof=1) across the 5 seeds
isaac_transition_macro_dyn_f1,1.0,1.0,1.0,1.0,1.0,1.0,0.0,1.0,1.0,5,sample standard deviation (numpy ddof=1) across the 5 seeds
isaac_pooled_delta_micro_f1,1.0,1.0,1.0,1.0,1.0,1.0,0.0,1.0,1.0,5,sample standard deviation (numpy ddof=1) across the 5 seeds
isaac_transfer_f1,1.0,1.0,1.0,1.0,1.0,1.0,0.0,1.0,1.0,5,sample standard deviation (numpy ddof=1) across the 5 seeds
isaac_add_f1,1.0,1.0,1.0,1.0,1.0,1.0,0.0,1.0,1.0,5,sample standard deviation (numpy ddof=1) across the 5 seeds
isaac_remove_f1,1.0,1.0,1.0,1.0,1.0,1.0,0.0,1.0,1.0,5,sample standard deviation (numpy ddof=1) across the 5 seeds
isaac_transfer_f1_independent,0.545455,0.545455,0.444444,0.444444,0.461538,0.4882672,0.052669452215681915,0.444444,0.545455,5,sample standard deviation (numpy ddof=1) across the 5 seeds
isaac_transfer_f1_state_consistency,0.0,0.0,0.0,0.0,0.0,0.0,0.0,0.0,0.0,5,sample standard deviation (numpy ddof=1) across the 5 seeds
isaac_false_nt_switches,0,0,0,0,0,0.0,0.0,0.0,0.0,5,sample standard deviation (numpy ddof=1) across the 5 seeds
isaac_graph_violations,0,0,0,0,0,0.0,0.0,0.0,0.0,5,sample standard deviation (numpy ddof=1) across the 5 seeds
proc_full_pop_static_ge_f1,0.956772,0.956772,0.956772,0.956772,0.956772,0.956772,0.0,0.956772,0.956772,5,sample standard deviation (numpy ddof=1) across the 5 seeds
proc_transition_current_static_ge_f1,0.948127,0.948127,0.948127,0.948127,0.948127,0.948127,0.0,0.948127,0.948127,5,sample standard deviation (numpy ddof=1) across the 5 seeds
proc_sc_full_pop_static_ge_f1,0.974063,0.974063,0.974063,0.974063,0.974063,0.9740629999999999,1.2412670766236366e-16,0.974063,0.974063,5,sample standard deviation (numpy ddof=1) across the 5 seeds
proc_indep_static_ge_f1,0.953571,0.953571,0.940141,0.940141,0.953571,0.948199,0.007355913947294349,0.940141,0.953571,5,sample standard deviation (numpy ddof=1) across the 5 seeds
proc_transition_macro_dyn_f1,1.0,1.0,1.0,1.0,1.0,1.0,0.0,1.0,1.0,5,sample standard deviation (numpy ddof=1) across the 5 seeds
proc_pooled_delta_micro_f1,1.0,1.0,1.0,1.0,1.0,1.0,0.0,1.0,1.0,5,sample standard deviation (numpy ddof=1) across the 5 seeds
proc_transfer_f1,1.0,1.0,1.0,1.0,1.0,1.0,0.0,1.0,1.0,5,sample standard deviation (numpy ddof=1) across the 5 seeds
proc_add_f1,1.0,1.0,1.0,1.0,1.0,1.0,0.0,1.0,1.0,5,sample standard deviation (numpy ddof=1) across the 5 seeds
proc_remove_f1,1.0,1.0,1.0,1.0,1.0,1.0,0.0,1.0,1.0,5,sample standard deviation (numpy ddof=1) across the 5 seeds
proc_transfer_f1_independent,0.62069,0.62069,0.580645,0.580645,0.62069,0.6046720000000001,0.021933549815294374,0.580645,0.62069,5,sample standard deviation (numpy ddof=1) across the 5 seeds
proc_transfer_f1_state_consistency,0.0,0.0,0.0,0.0,0.0,0.0,0.0,0.0,0.0,5,sample standard deviation (numpy ddof=1) across the 5 seeds
proc_false_nt_switches,0,0,0,0,0,0.0,0.0,0.0,0.0,5,sample standard deviation (numpy ddof=1) across the 5 seeds
proc_graph_violations,0,0,0,0,0,0.0,0.0,0.0,0.0,5,sample standard deviation (numpy ddof=1) across the 5 seeds
expanded_exact_success,217,217,217,217,217,217.0,0.0,217.0,217.0,5,sample standard deviation (numpy ddof=1) across the 5 seeds
expanded_exact_success_rate,1.0,1.0,1.0,1.0,1.0,1.0,0.0,1.0,1.0,5,sample standard deviation (numpy ddof=1) across the 5 seeds
expanded_transfer_f1,0.9977011494252873,0.9977011494252873,0.9977011494252873,0.9954128440366972,0.9954128440366972,0.9967858272698512,0.00125335647979145,0.9954128440366972,0.9977011494252873,5,sample standard deviation (numpy ddof=1) across the 5 seeds
expanded_add_f1,1.0,1.0,1.0,0.9954128440366972,0.9954128440366972,0.998165137614679,0.0025124887958953034,0.9954128440366972,1.0,5,sample standard deviation (numpy ddof=1) across the 5 seeds
expanded_remove_f1,0.9954128440366972,0.9954128440366972,0.9954128440366972,0.9954128440366972,0.9954128440366972,0.9954128440366972,0.0,0.9954128440366972,0.9954128440366972,5,sample standard deviation (numpy ddof=1) across the 5 seeds
expanded_procedural_transfer_f1,1.0,1.0,1.0,1.0,1.0,1.0,0.0,1.0,1.0,5,sample standard deviation (numpy ddof=1) across the 5 seeds
expanded_isaac_transfer_f1,0.9938650306748467,0.9938650306748467,0.9938650306748467,0.9878048780487805,0.9878048780487805,0.9914409696244203,0.003319282295220619,0.9878048780487805,0.9938650306748467,5,sample standard deviation (numpy ddof=1) across the 5 seeds
expanded_false_switches,2,2,2,4,4,2.8,1.0954451150103321,2.0,4.0,5,sample standard deviation (numpy ddof=1) across the 5 seeds
expanded_graph_violations,0,0,0,0,0,0.0,0.0,0.0,0.0,5,sample standard deviation (numpy ddof=1) across the 5 seeds
expanded_transfer_f1_independent,0.6354319180087847,0.6335766423357664,0.6002766251728907,0.5928961748633881,0.6104078762306611,0.6145178473222982,0.019286245167528172,0.5928961748633881,0.6354319180087847,5,sample standard deviation (numpy ddof=1) across the 5 seeds
expanded_transfer_f1_state_consistency,0.0,0.0,0.0,0.0,0.0,0.0,0.0,0.0,0.0,5,sample standard deviation (numpy ddof=1) across the 5 seeds
expanded_exact_success_independent,0,0,0,0,0,0.0,0.0,0.0,0.0,5,sample standard deviation (numpy ddof=1) across the 5 seeds
expanded_exact_success_state_consistency,0,0,0,0,0,0.0,0.0,0.0,0.0,5,sample standard deviation (numpy ddof=1) across the 5 seeds
